{
    "1" : 
    {  
        "date":1554459857,
        "statusCode":200,
        "method":"GET",
        "url":"/get-client-id-from-card-number",
        "parameters":{  
           "cardId":"3725554412975622"
        },
        "ip":"169.20.88.241"
     },

     "2" : 
     {  
         "date":1554377057,
         "statusCode":200,
         "method":"GET",
         "url":"/get-client-id-from-card-number",
         "parameters":{  
            "cardId":"5526959417622426"
         },
         "ip":"40.159.126.59"
      },

      "3" : 
      {  
          "date":1554467057,
          "statusCode":200,
          "method":"GET",
          "url":"/get-client-id-from-card-number",
          "parameters":{  
             "cardId":"8347233727783272"
          },
          "ip":"32.243.158.15"
       },

       "4" : 
       {  
           "date":1553945057,
           "statusCode":200,
           "method":"GET",
           "url":"/get-client-id-from-card-number",
           "parameters":{  
              "cardId":"2429335923951638"
           },
           "ip":"164.49.157.165"
        },

        "5" : 
        {  
            "date":1559820257,
            "statusCode":200,
            "method":"GET",
            "url":"/get-client-id-from-card-number",
            "parameters":{  
               "cardId":"6849884358388594"
            },
            "ip":"100.115.195.10"
         },

         "6" : 
         {  
             "date":1557228257,
             "statusCode":200,
             "method":"GET",
             "url":"/get-client-id-from-card-number",
             "parameters":{  
                "cardId":"3394478192595491"
             },
             "ip":"89.72.102.126"
          },

          "7" : 
          {  
              "date":1554636257,
              "statusCode":200,
              "method":"GET",
              "url":"/get-client-id-from-card-number",
              "parameters":{  
                 "cardId":"8782668774574755"
              },
              "ip":"22.13.238.203"
           },

           "8" : 
           {  
               "date":1555331057,
               "statusCode":200,
               "method":"GET",
               "url":"/get-client-id-from-card-number",
               "parameters":{  
                  "cardId":"3788568856922839"
               },
               "ip":"252.135.179.136"
            },

            "9" : 
            {  
                "date":1555935857,
                "statusCode":200,
                "method":"GET",
                "url":"/get-client-id-from-card-number",
                "parameters":{  
                   "cardId":"3847796283723835"
                },
                "ip":"74.242.0.117"
             },

             "10" : 
             {  
                 "date":1555248257,
                 "statusCode":200,
                 "method":"GET",
                 "url":"/get-client-id-from-card-number",
                 "parameters":{  
                    "cardId":"4721974254943811"
                 },
                 "ip":"125.223.119.200"
              }
}