

{
    "1" :
    {  
        "id":1,
         "clientID":"c12345",
         "OTP":"63746",
        "timeStamp":"1552551258",
        "success":true
    },

    "2" :
    {  
        "id":2,
         "clientID":"c54321",
         "OTP":"29182",
        "timeStamp":"1557320714",
        "success":true
    },

    "3" :
    {  
        "id":3,
         "clientID":"c56789",
         "OTP":"65645",
        "timeStamp":"1568459086",
        "success":true
    },

    "4" :
    {  
        "id":4,
         "clientID":"c24894",
         "OTP":"87108",
        "timeStamp":"1567858042",
        "success":false
    },

    "5" :
    {  
        "id":5,
         "clientID":"c47899",
         "OTP":"05047",
        "timeStamp":"1567253242",
        "success":true
    },

    "6" :
    {  
        "id":6,
         "clientID":"c7337",
         "OTP":"80546",
        "timeStamp":"1564488442",
        "success":false
    },

    "7" :
    {  
        "id":7,
         "clientID":"c35732",
         "OTP":"57495",
        "timeStamp":"1565100442",
        "success":true
    },

    "8" :
    {  
        "id":8,
         "clientID":"c11223",
         "OTP":"92817",
        "timeStamp":"1562414842",
        "success":true
    },

    "9" :
    {  
        "id":9,
         "clientID":"c55689",
         "OTP":"07905",
        "timeStamp":"1566302842",
        "success":true
    },

    "10" :
    {  
        "id":10,
         "clientID":"c00000",
         "OTP":"86137",
        "timeStamp":"1599998842",
        "success":false
    }
}

